transaction_ref,amount_paise,currency,paid_at
DEMO-P001,10000,INR,2026-10-01T10:00:00Z
DEMO-P002,20000,INR,2026-10-01T10:00:00Z
DEMO-P003,30000,INR,2026-10-01T10:00:00Z
DEMO-P004,40000,INR,2026-10-01T10:00:00Z
DEMO-P005,50000,INR,2026-10-01T10:00:00Z
DEMO-P006,60000,INR,2026-10-01T10:00:00Z
DEMO-P007,70000,INR,2026-10-01T10:00:00Z
DEMO-P008,80000,INR,2026-10-01T10:00:00Z
DEMO-P009,90000,INR,2026-10-01T10:00:00Z
DEMO-P001,10000,INR,2026-10-01T10:00:00Z
DEMO-P008,80001,INR,2026-10-01T10:00:00Z
DEMO-BAD-AMOUNT,12.34,INR,2026-10-01T10:00:00Z
DEMO-BAD-CURRENCY,1000,USD,2026-10-01T10:00:00Z
