settlement_ref,transaction_ref,gross_paise,fee_paise,net_paise,currency,settled_at
DEMO-S001,DEMO-P001,10000,200,9800,INR,2026-10-01T10:00:00Z
DEMO-S003,DEMO-P003,29000,580,28420,INR,2026-10-01T10:00:00Z
DEMO-S004A,DEMO-P004,20000,400,19600,INR,2026-10-01T10:00:00Z
DEMO-S004B,DEMO-P004,20000,400,19600,INR,2026-10-01T10:00:00Z
DEMO-S005,DEMO-P005,50000,1000,48000,INR,2026-10-01T10:00:00Z
DEMO-S006,DEMO-P006,60000,1200,58800,INR,2026-10-01T10:00:00Z
DEMO-S007,DEMO-P007,70000,1400,68600,INR,2026-10-01T10:00:00Z
DEMO-S008,DEMO-P008,80000,1600,78400,INR,2026-10-01T10:00:00Z
DEMO-S010,DEMO-ORPHAN-PAY,10000,200,9800,INR,2026-10-01T10:00:00Z
